district,count
Bela Vista,352
Vila Mariana,232
Jardim Paulista,220
Centro,178
Pinheiros,159
Consolação,157
Santana,152
Mooca,147
Santo Amaro,146
Brás,141
Liberdade,141
Cerqueira César,140
Vila Andrade,129
República,123
Campos Elíseos,117
Vila Suzana,114
Perdizes,111
Campo Belo,108
Cambuci,104
Tatuapé,98
Vila Prudente,96
Vila Buarque,90
Paraíso,89
Vila Olímpia,87
Barra Funda,83
Vila Regente Feijó,82
Indianópolis,79
Vila Clementino,79
Vila Nova Conceição,77
Ipiranga,76
Centro Histórico de São Paulo,73
Vila Formosa,64
Sé,63
Jabaquara,55
Vila Santa Catarina,53
Vila da Saúde,52
Itaim Bibi,51
Aclimação,50
Taboão,49
Cidade Monções,49
Santa Cecília,47
Planalto Paulista,47
Brooklin Paulista,46
Butantã,46
Água Branca,44
Parque da Mooca,43
Vila Bertioga,43
Santa Efigênia,43
Vila Mascote,42
Vila Guilherme,40
Penha de França,40
Sumarezinho,39
Jardim Leonor,38
Tucuruvi,38
Vila Alpina,38
Lauzane Paulista,37
Mirandópolis,37
Vila Ema,36
Chácara Inglesa,36
Vila Pompéia,36
Vila Romana,36
Lapa,35
Vila Matilde,35
Alphaville Industrial,35
Tamboré,34
Alto da Mooca,34
Vila Leopoldina,34
Vila Guarani (z Sul),33
Vila Congonhas,33
Santa Cecilia,33
Casa Verde,32
Vila Madalena,32
Jardim Oriental,31
Parque Jabaquara,31
Belenzinho,31
Moema,30
Jardim Vila Formosa,30
Vila Parque Jabaquara,30
Saúde,29
Vila Mazzei,29
Cidade Mãe do Céu,29
Jardim Aeroporto,29
Pompeia,29
Vila Isolina Mazzei,29
Vila Invernada,28
Bom Retiro,28
Jaguaré,28
Vila Paulista,28
Sumaré,27
Jardim Ampliação,26
Chácara Santo Antônio (zona Sul),26
Vila Gumercindo,26
Santa Teresinha,26
Rudge Ramos,26
Vila Medeiros,25
Vila Gomes Cardim,25
Jardim Prudência,25
Vila Palmeiras,25
Brooklin,24
Alphaville,24
Paraíso do Morumbi,24
Chácara Belenzinho,23
Bosque da Saúde,23
Vila Esperança,23
Parada Inglesa,22
Vila Ipojuca,22
Quarta Parada,22
Vila Constança,22
Jardim Londrina,22
Vila Maria Alta,22
Alphaville Empresarial,22
Vila Monumento,22
Vila Guilhermina,22
Vila Gustavo,21
Imirim,21
Santa Ifigênia,21
Santa Maria,21
Vila Dom Pedro I,21
Jardim São Paulo(zona Norte),21
Casa Verde Alta,21
Vila Monte Alegre,21
Vila Aricanduva,21
Piqueri,20
Vila Anglo Brasileira,20
Cidade Patriarca,20
Água Fria,20
Vila Nova Mazzei,20
Morumbi,20
Vila Carrão,20
Alto de Pinheiros,20
Vila Nova Cachoeirinha,20
Vila Butantã,19
Interlagos,19
Vila Sônia,19
Vila Santa Maria,19
Freguesia do Ó,19
Parque Mandaqui,19
Jardim Paraíso,19
Jardim Monte Kemel,19
Água Rasa,19
Vila Cruzeiro,19
Chácara Califórnia,18
Jardim das Vertentes,18
Parque Reboucas,18
Limão,18
Paulicéia,18
Jardim Bonfiglioli,18
Campestre,18
Vila Dom Pedro Ii,17
Jardim Celeste,17
Vila Campestre,17
Jardim Peri,17
Real Parque,17
Padroeira,17
Jardim Japão,16
Jardim das Acácias,16
Empresarial 18 do Forte,16
Fazenda Morumbi,16
Sacomã,16
São Lucas,16
Vila Sonia,16
Jardim das Flores,16
Jardim Ester,16
Vila Ré,16
Vila Moinho Velho,15
Vila Bela,15
Alto da Lapa,15
Vila Moraes,15
Jardim da Glória,15
Jardim São Paulo,15
Chácara Santo Antônio (zona Leste),15
Jardim Brasil (zona Sul),15
Vila Penteado,15
Parque Peruche,15
Jardim Iris,14
Chora Menino,14
Vila Pereira Barreto,14
Vila Augusta,14
Vila Alexandria,14
Vila Carrao,14
Vila Uberabinha,14
Jardim Marajoara,14
Quinta da Paineira,14
Vila Progredior,14
Vila Santo Estéfano,13
Vila Sofia,13
Jaguaribe,13
Jardim Colombo,13
Itaquera,13
Vila Albertina,13
Sítio do Mandaqui,13
Jardim Vila Mariana,13
Jardim Parque Morumbi,13
Vila Celeste,13
Super Quadra Morumbi,13
Vila do Encontro,13
Vila Buenos Aires,13
Jardim Brasil (zona Norte),13
Parque das Nações,13
Rio Pequeno,13
Vila Dalila,13
Vila Morse,13
Higienópolis,13
Jardim das Laranjeiras,13
Vila Aurora (zona Norte),12
Socorro,12
Vila Marari,12
Nova Piraju,12
Jardim Peri Peri,12
Moinho Velho,12
Parque Industrial Tomas Edson,12
Jardim Brasília (zona Norte),12
Vila Zilda,12
Vila Baruel,12
Jardim Caravelas,12
Jardim Umuarama,12
Paraisópolis,12
Vila Guarani,12
Vila Talarico,11
Vila Pirituba,11
Cidade Vargas,11
Vila Guarani (zona Sul),11
Vila Nova York,11
Ponte Grande,11
Picanço,11
Jardim Cidade Pirituba,11
Vila Firmiano Pinto,11
Santa Paula,11
Vila São José,11
Vila Campanela,11
Jardim Taquaral,11
Jardim Anália Franco,11
Chácara Mafalda,11
Vila Valparaíso,11
Americanópolis,11
Vila Santa Clara,11
Tremembé,11
Vila Campo Grande,11
Vila Gomes,11
Nossa Senhora do Ó,11
Jardim Paulistano,11
Várzea da Barra Funda,11
Vila Brasilina,11
São Pedro,10
Jardim Flor da Montanha,10
Parque da Vila Prudente,10
Vila Paulicéia,10
Parque Continental Ii,10
Jardim Fonte do Morumbi,10
Jardim Ester Yolanda,10
Siciliano,10
Vila Osasco,10
Jardim Maria Rosa,10
Jardim Tupanci,10
Novo Osasco,10
Vila Cordeiro,10
Vila Santo Estefano,10
Jardim Caboré,10
Santo Antônio,10
Vila Gertrudes,10
Vila Marina,10
Vila Santa Teresa (zona Sul),10
Parque Imperial,10
Vila Galvão,10
Jardim das Acacias,9
Vila Maria,9
Vila Antonieta,9
Jardim América da Penha,9
Chácara Seis de Outubro,9
Parque Edu Chaves,9
Vila Granada,9
Jardim Esmeralda,9
Presidente Altino,9
Vila Siqueira (zona Norte),9
Jardim Piqueroby,9
Campo Grande,9
Vila Pereira Cerca,9
Cidade Líder,9
Jardim Roberto,9
Vila Moreira,9
Vila Mira,9
Vila Carmosina,9
Vila Amalia (zona Norte),8
Jardim São Savério,8
Jardim Vazani,8
Jardim Maringá,8
Vila Portuguesa,8
Jardim Maristela,8
Jardim da Saúde,8
Jurubatuba,8
Vila Santa Luzia,8
Vila Tolstoi,8
Macedo,8
Jardim Cidália,8
Chácara Monte Alegre,8
Vila Rosália,8
Jardim Novo Santo Amaro,8
Gopoúva,8
Jardim Vera Cruz,8
Jardim Pinheiros,8
Usina Piratininga,8
Jardim,8
Parque Novo Mundo,8
Vila Paulo Silas,8
Jardim Vergueiro (sacomã),8
Cangaiba,8
Jardim Leonor Mendes de Barros,8
Campanário,8
Jardim Santa Emília,8
Vila Vera,8
Vila do Castelo,8
Vila Amélia,8
Vila Diva (zona Leste),8
Carandiru,8
Utinga,8
Jardim Ampliacao,8
Vila Nivi,8
Vila Santana,8
Vila Arriete,8
Jardim Santa Cruz (campo Grande),8
Parque Assunção,7
Jardim Previdência,7
Jardim Filhos da Terra,7
Cursino,7
Vila Fachini,7
Vila Ester (zona Norte),7
Vila das Merces,7
Jardim Íris,7
Vila Constancia,7
Sítio da Figueira,7
Jardim Monte Alegre,7
Vila Indiana,7
Jardim Consórcio,7
Jardim Casablanca,7
Jardim Modelo,7
Jardim Umarizal,7
Vila Babilônia,7
Jardim Maria Estela,7
Jardim Satelite,7
Jardim Santa Cruz (sacomã),7
Parque Vitoria,7
Panamby,7
Vila das Mercês,7
Jardim Bela Vista,7
Osvaldo Cruz,7
Luz,7
Vila Mangalot,7
Km 18,7
Sítio Morro Grande,7
Parque Fongaro,7
Jardim Utinga,7
Vila Ivone,7
Jardim Las Vegas,7
Vila Lageado,7
Vila São Pedro,7
Vila Libanesa,7
Vila Vermelha,6
Jardim Campo Grande,6
Vila das Bandeiras,6
Chácara Cruzeiro do Sul,6
Vila Cruz das Almas,6
Vila Canero,6
Vila Graciosa,6
Jardim Vitória Régia,6
Jardim Europa,6
Vila Roque,6
Parque Maria Luiza,6
Vila Sao Pedro,6
Conceição,6
Vila Araguaia,6
Jardim Santo Amaro,6
Umuarama,6
Ferreira,6
Jardim Santa Emilia,6
Vila California,6
Itaberaba,6
Sacoma,6
Sapopemba,6
São Judas,6
City Bussocaba,6
Cidade das Flores,6
Mandaqui,6
Vila Santa Teresa,6
Jardim Planalto,6
Cangaíba,6
Cidade Antônio Estevão de Carvalho,6
Vila Brasílio Machado,6
Vila Primavera,6
Parque São Jorge,6
Vila Califórnia,6
Vila Alzira,6
Jardim Iva,6
Vila Azevedo,6
Jardim Palmira,6
Jaraguá,6
Pari,6
Vila São Paulo,6
Vila Palmares,6
Vila Oratório,6
Vila Endres,6
Cidade Dutra,6
Cidade São Francisco,6
Jardim Franca,6
Portal dos Gramados,6
Vila Miriam,6
Vila Marieta,6
Jardim Nosso Lar,5
Jardim Monte Azul,5
Jardim Jussara,5
Vila Antonina,5
Lapa de Baixo,5
Parque Colonial,5
Vila Mafra,5
Jardim Barbosa,5
Vila Boacava,5
Vila Pires,5
Jardim Palmares (zona Sul),5
Vila Carbone,5
Vila Inglesa,5
Olímpico,5
Vila Independencia,5
Jardim Luísa,5
Jardim das Esmeraldas,5
Cidade Ademar,5
Parque Sevilha,5
Alphaville Centro Industrial E Empresarial/alphaville.,5
Vila Guaca,5
Vila Rosalia,5
Vila Pierina,5
Vila Guiomar,5
Jardim Jaqueline,5
Jardim Independência,5
Vila Bandeirantes,5
Vila Babilonia,5
Vila Amália (zona Norte),5
Vila Venditti,5
Conjunto Residencial José Bonifácio,5
Catumbi,5
Vila Paiva,5
Parque Paineiras,5
Jardim Rosa de Franca,5
Jardim Ângela (zona Leste),5
Canhema,5
Maranhão,5
Continental,5
Jardim Miriam,5
Vila Nova Savoia,5
Vila Yara,5
Vila Paranagua,5
Vila Anastácio,5
Parque Maria Domitila,5
Vila Ede,5
Quitaúna,5
Vila Sabrina,5
Bussocaba,5
Pacaembu,5
Jardim Olympia,5
Vila Socorro,5
Vila Cleonice,5
Mauá,5
Vila Campesina,5
Jardim Arize,5
Vila Industrial,5
Jardim Patente Novo,5
Jardim Independência (são Paulo),5
Chácara Agrindus,5
Vila Barbosa,5
Parque Bairro Morumbi,5
Engenheiro Goulart,5
Jardim City,5
Vila Leonor,5
Vila Nova Caledônia,5
Vila Emir,5
Jardim da Gloria,5
Jardim D’abril,5
Jardim Japao,5
Cipava,5
Vila Gilda,4
Vila Bremen,4
Vila Bruna,4
Vila Lúcia,4
Jardim Luanda,4
São João Climaco,4
Vila São Geraldo,4
Parque Casa de Pedra,4
Barro Branco (zona Norte),4
Vila Nova Caledonia,4
Jardim Sao Saverio,4
Jardim Vila Galvão,4
Boa Vista,4
Jardim Ipanema (zona Sul),4
Vila Anhangüera,4
Jardim Jaú (zona Leste),4
Jardim Sabara,4
Pedreira,4
Vila Euthalia,4
Vila Maria Baixa,4
Parque São Lucas,4
Parque Vitória,4
Vila Cláudia,4
Vila Principe de Gales,4
Vila Laís,4
Jardim Raposo Tavares,4
Vila Água Funda,4
Vila Zat,4
Jardim do Tiro,4
Loteamento City Jaragua,4
Jardim Monjolo,4
Parque Monte Alegre,4
Jardim São Luís,4
Vila Portugal,4
Chácara Santo Antônio,4
Vila Nair,4
Jardim Seckler,4
Canindé,4
Vila Nilo,4
Vila Camilópolis,4
Cidade Intercap,4
Alto da Boa Vista,4
Parque Bristol,4
Veloso,4
Vila Santa Edwiges,4
Casa Verde Média,4
Vila Silveira,4
Vila Curuçá,4
Adalgisa,4
Jardim Consorcio,4
Jardim Boa Vista (zona Oeste),4
Jardim Danfer,4
Vila Hebe,4
Piratininga,4
Vila São Luís(zona Oeste),4
Jardim Taboão,4
Jardim Santa Terezinha (zona Leste),4
Colônia (zona Leste),4
Vila Sao Paulo,4
Instituto de Previdência,4
Vila Sao Vicente,4
Sítio do Morro,4
Parque Monteiro Soares,4
Parque Sao Luis,4
Vila Santa Isabel,4
Jaçanã,4
Vila Cachoeira,4
Conjunto Residencial Jardim Canaã,4
Jardim Pedro José Nunes,4
Artur Alvim,4
Cidade Antônio Estêvão de Carvalho,4
Jardim Alzira,4
Anchieta,4
Vila São José (ipiranga),4
Jardim Santa Mena,4
Vila Inah,4
Parque São Domingos,4
Vila Boa Vista,4
Jardim Avelino,4
Melville Empresarial Ii,4
Jardim Paraventi,3
Melville Empresarial I E Ii,3
Centro Empresarial Tamboré,3
Parque Sao Domingos,3
Jardim Petropolis,3
Parque Continental I,3
Vila Olinda,3
Vila Bonilha,3
Jardim Santa Maria,3
Vila Scarpelli,3
Vila Nova Curuçá,3
Jardim Nordeste,3
Jardim Norma,3
Parque Guarani,3
Vila Iório,3
Vila Nova Carolina,3
Vila Regina,3
Vila Ernesto,3
Vila Cavaton,3
Vila Sao Geraldo,3
Jardim Castelo,3
Vila Jaguara,3
Jardim Gracinda,3
Jardim Previdencia,3
Vila Humaitá,3
Vila Cosmopolita,3
Vila Jacuí,3
Vila Floresta,3
Jardim Promissão,3
Vila Pirajussara,3
Jd. Rio Pequeno,3
Jardim Lar Sao Paulo,3
Vila Salete,3
Jardim Lallo,3
Jardim Regis,3
Jardim Sabará,3
Vila Friburgo,3
Vila Valparaiso,3
Jardim Cidalia,3
Jardim Morumbi,3
Jardim Santo Elias,3
Jardim Ibitirama,3
Jardim Penha,3
São Domingos,3
Jardim Bom Clima,3
Vila Romero,3
Jardim Kuabara,3
Parque Ramos Freitas,3
Vila Pedra Branca,3
Vila Bancária,3
Vila Polopoli,3
Parque Continental,3
Cidade Domitila,3
Vila Morumbi,3
Cidade Continental,3
Jardim Popular,3
Vila Mesquita,3
Bonfim,3
Jardim Dona Sinhá,3
Vila Basileia,3
Vila Nova das Belezas,3
Vila Carolina,3
Jardim Cachoeira,3
Jardim dos Estados,3
Jardim das Maravilhas,3
Vila Beatriz,3
Vila Príncipe de Gales,3
Vila Caraguatá,3
Jardim Mirante,3
Jardim Almeida Prado,3
Vila Pauliceia,3
Vila Yolanda,3
Pestana,3
Vila Isa,3
Brooklin Novo,3
Vila Santa Virginia,3
Jardim Tranqüilidade,3
Vila da Paz,3
Vila Deodoro,3
Jardim Iracema,3
Vila Milton,3
Jardim Alvorada (zona Oeste),3
Jardim Aricanduva,3
Vila Domitila,3
Vila das Belezas,3
Jardim do Papai,3
Vila Cristália,3
Guaiaúna,3
Vila Tramontano,3
Conjunto Habitacional Teotonio Vilela,3
Parque São Luís,3
Vila Elze,3
Jardim Trussardi,3
Vila Dinorah,3
Jardim Guanca,3
Jardim Mariliza,3
Jardim Clímax,3
Vila Curuca,3
Vila Paulistania,3
Caxingui,3
Vila Renata,3
Ponte Pequena,3
Parque Residencial da Lapa,3
Vila Centenário,3
Parque Oratório,3
Jardim Brasil,3
Jardim Almanara,3
Vila São Silvestre,3
Vila Diva (zona Norte),3
Vila Santista,3
Jardim Santa Monica,3
Parque Santos Dumont,3
Jardim Adriana,3
Jardim Mangalot,3
Jardim Ubirajara,3
Jardim Santa Helena,3
Jardim Guarapiranga,3
Jardim Pereira Leite,2
Vila Metalurgica,2
Jardim Regina,2
Jardim Pirituba,2
Vila Lucia,2
Jardim Itapeva,2
Jardim Graziela,2
Alphaville Residencial Um,2
Vila Hulda,2
Jardim Centenario,2
Jardim Jabaquara,2
Vila Independência,2
Jardim Santa Cecília,2
Vila Fátima,2
Jardim Maria Luiza,2
Vila Santa Terezinha (zona Norte),2
Vila Pita,2
Conjunto Residencial Vista Verde,2
Jardim Botucatu,2
Vila Marte,2
Jardim Antartica,2
Vila Germinal,2
Jardim Dourado,2
Jardim Dom Bosco,2
Jardim Testae,2
Jardim Ataliba Leonel,2
Vila Camilopolis,2
Vila Progresso,2
Jardim Líbano,2
Vila Continental,2
Jardim Aurelia,2
Vila Cardoso Franco,2
Vila Oratorio,2
Jardim Sao Francisco (zona Leste),2
Vila Alto de Santo André,2
Parque João Ramalho,2
Vila Arcadia,2
Vila Brasilândia,2
Capela do Socorro,2
Vila Castelo,2
Vila Nova Manchester,2
Vila Margarida,2
Lajeado,2
Vila Sao Francisco (zona Sul),2
Ayrosa,2
Bandeiras,2
Vila Antônio,2
Jardim Ivana,2
Rolinópolis,2
Vila Ramos,2
Parada Xv de Novembro,2
Vila Clarice,2
Vila Trabalhista,2
Vila Mariza Mazzei,2
Vila Brasil,2
Vila Serralheiro,2
Jardim São Francisco (zona Leste),2
Jardim Caner,2
Parque Panamericano,2
Vila São João Batista,2
Casa Branca,2
Parque Tomas Saraiva,2
Jardim Sao Paulo(zona Norte),2
Jardim Felicidade (zona Oeste),2
Vila Fiat Lux,2
Vila Picinin,2
Jardim Santa Rosa,2
Jardim Cocaia,2
Vila América,2
Nossa Senhora do O,2
Jardim Lucia,2
Vila Arruda,2
Jaguará,2
Nova Gerti,2
Jardim de Lorenzo,2
Recanto das Rosas,2
Conceicao,2
São José,2
Gopouva,2
Guapira,2
City América,2
Jardim Rizzo,2
Jardim Pazini,2
Parque Esmeralda,2
Jardim América,2
Vila Tiradentes,2
Jardim Arpoador,2
Jardim Rosa Maria,2
Morumbi ,2
Jardim Silvia,2
Parque Santa Madalena,2
Vila Anadir,2
Vila Carmem,2
Vila Rio de Janeiro,2
Jardim Adutora,2
Vila Rui Barbosa,2
Vila Francisco Matarazzo,2
Jardim Catanduva,2
Vila Helena,2
Jardim Angela (zona Leste),2
Vila Alice,2
Jardim Guarau,2
Morro dos Ingleses,2
Pirituba,2
Jardim America,2
Vila Assunção,2
Burgo Paulista,2
Jardim Campanario,2
Jardim Toscana,2
Jardim Centenário,2
Vila Eldízia,2
Jardim Sarah,2
Jardim Sao Judas Tadeu,2
Parque da Lapa,2
Vila Sao Luis(zona Oeste),2
Parque Residencial Julia,2
Sítio Pinheirinho,2
Cidade dos Bandeirantes,2
Campininha,2
Cocaia,2
Bela Aliança,2
Jardim Taboao,2
Jardim Jamaica,2
Jardim dos Lagos,2
Jardim Jua,2
Veleiros,2
Vila Anhanguera,2
Lar São Paulo,2
Vila do Bosque,2
Vila Gea,2
Vila Pedro Moreira,2
Vila Dionisia,2
Jardim Sul São Paulo,2
Jardim Vergueiro (sacoma),2
Cidade Nova São Miguel,2
Ermelino Matarazzo,2
Jardim Brasília (zona Leste),2
Vila Princesa Isabel,2
Instituto de Previdencia,2
Jardim Sílvia,2
Jardim Sao Joao (jaragua),2
Vila Brasilio Machado,2
Jardim Santa Terezinha,2
Jardim Aida,2
Vila Bastos,2
Jardim Nova Taboao,2
Vila Natália,2
Alto do Pari,2
Vila Praia,2
Jardim Santa Inês,2
Conjunto Residencial Butantã,2
Jardim Odete,2
Jardim das Bandeiras,2
Vila Liviero,2
Parque Santo Antônio,2
Vila Londrina,2
Vila Engenho Novo,2
Vila União (zona Leste),2
Conjunto Habitacional Padre Manoel da Nóbrega,2
Jardim Helian,2
Jardim Valéria,2
Jardim das Gracas,2
Parque Boturussu,2
Cidade Maia,2
Vila Nova Esperança,2
Vila São Francisco,2
Vila São João,2
Jardim Santo Antoninho,2
Nova Gerty,2
Jardim Primavera (zona Norte),2
Vila Brasilandia,2
Jardim Teresa,2
Jardim Terezópolis,2
Jardim Ana Rosa,2
Vila Bela Vista (zona Norte),2
Jardim Carlu,2
Jardim Sônia Maria,2
Vila Guarani(zona Leste),2
Jardim Cristal,2
Parque do Morumbi,2
Centro Comercial Jubran,2
Jardim Paraiso,2
Jardim dos Camargos,2
Bethaville I,2
Vila Elvira,2
Retiro Morumbi,1
Vila Sao Luiz (valparaizo),1
Alphaville Conde Ii,1
Jardim Barueri,1
Vila Silvia,1
Jardim Colorado,1
Cidade Luz,1
Chácara São João,1
Vila Nossa Senhora de Fátima,1
Vila Rio,1
Vila São Luís,1
Vila Maracanã,1
Chácara Meyer,1
Jardim Ana Lúcia,1
Jardim Três Marias,1
Jardim Maraba,1
Vila Sacadura Cabral,1
Vila Divina Pastora,1
Jardim Lourdes (zona Sul),1
Silveira,1
Vila Franci,1
Jardim Santa Bárbara,1
Vila Costa Melo,1
Vila Catupia,1
Santa Inês ,1
Jardim Santa Efigenia,1
Vila Maricy,1
Vila Gabriel,1
Vila Guarani (Zona Sul),1
Vila Capitao Rabelo,1
Vila Fidelis Ribeiro,1
Parque dos Bancários,1
Vila Progresso (zona Norte),1
Jardim Valeria,1
Vila das Merces ,1
Horto Florestal,1
Vila Olímpia ,1
Jardim Santo Antônio,1
Vila Arapua,1
Jardim São Judas Tadeu,1
Vila Santo Antônio,1
Suísso,1
Cidade Brasil,1
Jardim Patente,1
Vila Hamburguesa,1
Vila Esplanada,1
Parque Independencia,1
Vila Lucinda,1
Higienópolis ,1
Jardim Bandeirantes (zona Norte),1
Vila Fiuza,1
Jardim Maria Aparecida,1
Vila Antônio dos Santos,1
Vila Sao Nicolau,1
Jardim Anny,1
Suiço,1
Vila Ester,1
Jardim Zaira,1
Conjunto City Jaragua,1
Jardim Imperador (zona Leste),1
Boaçava,1
Aricanduva,1
Vila Zamataro,1
Parque Regina,1
Jardim Haia do Carrao,1
Vila Mercedes,1
Vila das Palmeiras,1
Jardim Glória,1
Agua Branca,1
Jardim America da Penha,1
Vila Matiilde,1
Vila Maria Zélia,1
Jardim Alfredo,1
Jardim Dinorah,1
Vila Dora,1
Jardim Mimar,1
Vila Sirene,1
Jardim Silvestre,1
Água Funda,1
Jardim Santa Edwirges,1
Recanto Morumbi,1
Vila Romano,1
Vila Granada ,1
Parque do Estado,1
Vila Irmãos Arnoni,1
Vila Nelson,1
Vila Amalia (zona Leste),1
Cupecê,1
Jardim Andaraí,1
Jardim Maia,1
Jardim Panorama (zona Leste),1
Chácara Itaim,1
Vila Tijuco,1
Jordanópolis,1
Jardim Monte Libano,1
Vila São Judas Tadeu,1
Itaquaciara,1
Jardim Sao Jose,1
Parque Penha,1
Jardim Dona Sinha,1
Vila Lúcia Elvira,1
Vila Nogueira,1
Bras,1
Centro Capital,1
Varzea do Glicerio,1
Vila Cristalia,1
Jardim Nossa Senhora Aparecida,1
Vila Fernandes,1
Vila Harmonia,1
Vila Prado,1
Parque Itaberaba,1
Jardim Vergueiro,1
Vila Metalúrgica,1
Jardim Maringa,1
Jardim das Nações,1
Belém,1
Jardim Tango,1
Vila Gopouva,1
Jardim Jaçanã,1
Jardim Olinda,1
Parque Nações Unidas,1
São João Clímaco,1
Vila Barros,1
Chácara Nossa Senhora do Bom Conselho,1
Vila America,1
Jardim Vivan,1
Chácara Tatuapé,1
Jardim Guarulhos,1
Jardim Morro Verde,1
Vila Diva,1
Jardim Analia Franco,1
Vila Lucia Elvira,1
Jardim Novo Taboao,1
Raposo Tavares,1
Parque Renato Maia,1
Vila Santos,1
Jardim Tabatinga,1
Bosque da Saúde.,1
Vila Prel,1
Recanto Paraíso,1
Jardim da Mamãe,1
Jardim Santa Cruz,1
Fazenda Morumbi ,1
Jardim Nadir,1
Jardim Dracena,1
Jardim Frei Galvao,1
Jardim Frei Galvão,1
Vila Albano,1
Bela Aliança ,1
Jardim das Graças,1
Vila Arcádia,1
Vila União,1
Freguesia do Ó ,1
Vila Virginia,1
Vila Zelina,1
Jardim Nova Germania,1
Santa Terezinha,1
Vila Clementino ,1
Bortolândia,1
Jardim Maria Duarte,1
Jardim Denise,1
Vila São Vicente,1
Vila Antonio,1
Jardim Adhemar de Barros,1
Vila São Domingos,1
Jardim Baruch,1
Jardim Cotiana,1
Vila Constanca,1
Vila Irmaos Arnoni,1
Jardim Libano,1
Jardim Arizona,1
Jardim São Caetano,1
Jardim Santos Dumont,1
Jardim São Saverio ,1
Jardim Andarai,1
Paraíso.,1
Vila Barreto,1
Vila Hermínia,1
Jardim São Silvestre,1
Parque Mandi,1
Jardim Vista Linda,1
Brasilândia,1
Jardim Cristin Alice,1
Vila Nova Pauliceia,1
Vila Bertioga ,1
Chácara do Vovó,1
Jardim Montreal,1
Vila Mendes,1
Jardim São José (zona Norte),1
Parque Alves de Lima,1
Jardim João Xxiii,1
Jardins,1
Jardim Los Angeles,1
Jardim Cordeiro,1
Jardim Moreira,1
Vila Bancaria,1
Jardim Munhoz Junior,1
Industrial Autonomistas,1
Jardim Elvira,1
Jardim Gilda Maria,1
Helena Maria,1
Cidade Jardim,1
Vila Adalgisa,1
Vila N Sra de Fatima,1
Jardim Canhema,1
Vila Nova Santa Luzia,1
Parque Arariba,1
Jardim Amaralina,1
Parque dos Principes,1
Jardim Cirino,1
Vila Nancy,1
Parque Cruzeiro do Sul (vila Formosa),1
Vila Dalva,1
Jardim Primeiro de Maio (chacara Fazendinha),1
Jardim Agu,1
Parque Ipê,1
Vila Bonilha Nova,1
Jardim Piratininga,1
Jardim Julieta,1
Vila Natalia,1
Parque Oratorio,1
Vila Flórida,1
Vila Algusta,1
Jardim Lourdes,1
Vila Comercial,1
Parque Ipe,1
Mutinga,1
I.a.p.i.,1
Vila Alianca,1
Vila dos Andrades,1
Jardim Hercilia,1
Vila Nova,1
Jardim Marilu,1
Vila Souza,1
Jardim Jaú (Zona Leste),1
Jardim Gumercindo,1
Jardim Santa Clara,1
Jardim Antártica,1
Vila Plana,1
Vila Arapuã,1
Jardim Nova Cidade,1
Parque das Paineiras,1
Vila Caminho do Mar,1
Jardim Vista Alegre,1
Vila Nhocune,1
Vila Santo Estevão,1
Jardim Guairaca,1
Vila Guedes,1
Vila Nova Alba,1
Jardim Santa Edwiges (capela do Socorro),1
Parque Fongaro ,1
Jardim Paramount,1
Sítio do Piqueri,1
Fundação,1
Cidade Satelite Santa Barbara,1
Parque Sao Francisco,1
Parque Cisper,1
Jardim Belém,1
Parque Cecap,1
Fazenda Aricanduva,1
Jardim Sao Jose (sao Mateus),1
Jardim Vila Carrao,1
Vila Paranaguá,1
Jardim Marília,1
Jardim Helena,1
Jardim Santo Antonio,1
Republica,1
Vila Erna,1
Vila Maria Trindade,1
Guaianazes,1
Vila Rio Branco,1
Conjunto Promorar Sapopemba,1
São Miguel Paulista,1
Parque Artur Alvim,1
Parque Cruzeiro do Sul,1
Vila Santa Teresa (zona Leste),1
Jardim Iporanga,1
Vila Fidalgo,1
Brás ,1
República ,1
Jardim das Perdizes,1
Vila São Ricardo,1
Vila Parapuã,1
Jardim Piracuama,1
Vila Planalto,1
Jardim Divinolandia,1
Cidade São Mateus,1
Jardim Lideranca,1
Jardim Tietê,1
Conjunto Habitacional Padre Manoel da Nobrega,1
Jardim Sao Gabriel,1
Vila São Francisco (zona Leste),1
Jd Tranquilidade ,1
Vila Lais,1
Vila Caraguata,1
Jardim Tijuco,1
Jardim Pinhal,1
Vila Santa Terezinha,1
Jardim do Mar,1
Jardim Rosana,1
Chácara Santo Antônio (Zona Sul),1
Terceira Divisão de Interlagos,1
Jardim Ernestina,1
Jardim Primavera (zona Sul),1
Vila Aurora (Zona Norte),1
Jardim Sao Bento,1
Jardim do Colégio (zona Norte),1
Jardim Santa Mônica,1
Residencial Cinco (alphaville),1
Jardim Vitoria Regia,1
Residencial Tres (tambore),1
Vila São Francisco (zona Sul),1
Jardim Vitoria Regia (zona Oeste),1
Vila Morellato,1
Vila Sargento José de Paula,1
Residencial Seis (alphaville),1
Jardim Maria Rita,1
Jardim da Campina,1
Vila Carlos de Campos,1
Vila Vivaldi,1
Vila Califórnia(zona Sul),1
Jardim Marajoara ,1
Jardim Bélgica,1
Vila California(zona Sul),1
Vila Sao Domingos,1
Santa Rita,1
Jardim Inga,1
Jardim do Carmo,1
Vila Conceição,1
Alphaville Residencial Dois,1
Vila Pouso Alegre,1
Alphaville Residencial Plus,1
Jardim Regina Alice,1
Centro de Apoio I (alphaville),1
Parque Santa Luzia,1
Nova Aldeinha,1
Pacaembu.,1
Parque Munhoz,1
Jardim dos Prados,1
Bolsão do Interlagos,1
